{"cameraMode":{"drawMode":0,"name":"Shaded","section":"Shading Mode"},"sceneLighting":false,"audioPlay":false,"sceneViewState":{"m_AlwaysRefresh":false,"showFog":true,"showSkybox":false,"showFlares":true,"showImageEffects":true,"showParticleSystems":true,"showVisualEffectGraphs":true,"m_FxEnabled":false},"in2DMode":false,"pivot":{"x":0.12806916236877442,"y":-0.44208812713623049,"z":22.84642791748047},"rotation":{"x":0.1317671537399292,"y":-0.847743570804596,"z":0.24837271869182588,"w":0.4497833549976349},"size":2.8016111850738527,"orthographic":false}