{"cameraMode":{"drawMode":0,"name":"Shaded","section":"Shading Mode"},"sceneLighting":true,"audioPlay":false,"sceneViewState":{"m_AlwaysRefresh":false,"showFog":true,"showSkybox":true,"showFlares":true,"showImageEffects":true,"showParticleSystems":true,"showVisualEffectGraphs":true,"m_FxEnabled":false},"in2DMode":false,"pivot":{"x":-0.47322797775268557,"y":0.47478044033050539,"z":0.005564212799072266},"rotation":{"x":0.20238454639911652,"y":-0.04404981806874275,"z":0.009122868068516255,"w":0.9782834053039551},"size":6.280418395996094,"orthographic":false}