{"cameraMode":{"drawMode":0,"name":"Shaded","section":"Shading Mode"},"sceneLighting":true,"audioPlay":false,"sceneViewState":{"m_AlwaysRefresh":false,"showFog":true,"showSkybox":true,"showFlares":true,"showImageEffects":true,"showParticleSystems":true,"showVisualEffectGraphs":true,"m_FxEnabled":false},"in2DMode":false,"pivot":{"x":1.5034451484680176,"y":1.8037604093551636,"z":86.99495697021485},"rotation":{"x":0.010632328689098359,"y":-0.4630792438983917,"z":0.005562725476920605,"w":0.8862459659576416},"size":3.6708285808563234,"orthographic":false}